"danceability","energy","key","loudness","mode","speechiness","acousticness","instrumentalness","liveness","valence","tempo","duration_ms","time_signature"
"0.682","0.562","2","-5.844","1","0.0292","0.335","0.00000487","0.133","0.643","115.998","240022","4"
"0.574","0.37","5","-9.487","1","0.027","0.557","0.0000223","0.0806","0.372","76.863","236395","4"
"0.505","0.487","6","-7.05","1","0.0338","0.745","0","0.162","0.14","133.957","247254","4"
"0.636","0.481","7","-10.746","0","0.0331","0.275","0.0000342","0.107","0.469","89.996","207302","4"
"0.68","0.652","7","-6.851","1","0.0366","0.0222","0.0000272","0.286","0.858","124.948","295700","4"
"0.7","0.486","9","-6.869","1","0.0369","0.78","0.000021","0.105","0.673","96.059","182656","4"
"0.579","0.215","5","-8.893","1","0.0359","0.895","0.00000287","0.0918","0.291","116.526","239353","4"
"0.736","0.411","7","-6.705","1","0.0299","0.23","0","0.0668","0.798","94.998","208104","4"
"0.691","0.598","9","-6.818","0","0.0902","0.352","0","0.321","0.497","89.992","226367","4"
"0.647","0.318","9","-9.888","1","0.0323","0.918","0.000147","0.133","0.372","129.851","272631","4"
"0.541","0.327","0","-9.046","1","0.0285","0.795","0.00000417","0.152","0.439","109.636","239000","4"
"0.339","0.218","8","-11.281","0","0.0314","0.572","0","0.0955","0.327","127.576","240506","4"
"0.603","0.469","10","-6.908","1","0.064","0.772","0.00000244","0.176","0.681","74.998","210197","4"
"0.416","0.673","0","-5.283","1","0.0628","0.205","0","0.112","0.758","94.999","232421","4"
"0.55","0.579","9","-7.988","0","0.0455","0.0241","0.0004","0.44","0.304","94.965","225474","4"
"0.658","0.48","5","-6.424","1","0.0396","0.745","0","0.295","0.541","108.788","237000","4"
"0.566","0.583","0","-7.456","1","0.0365","0.321","0.00000204","0.102","0.464","112.004","244459","4"
"0.415","0.675","7","-4.787","1","0.0556","0.599","0","0.204","0.7","80.894","207864","4"
"0.578","0.529","7","-7.752","1","0.0281","0.673","0.00000331","0.16","0.407","89.957","218523","4"
"0.623","0.439","9","-7.737","1","0.0294","0.713","0","0.0905","0.695","122.862","218427","4"
"0.615","0.395","9","-7.366","1","0.0278","0.811","0","0.0917","0.331","138.047","255560","4"
"0.678","0.204","2","-10.371","1","0.0525","0.832","0","0.118","0.299","115.795","241393","4"
"0.559","0.337","4","-13.087","1","0.0305","0.878","0.000156","0.185","0.19","112.464","212000","3"
"0.445","0.65","0","-4.862","1","0.0266","0.0831","0.00000842","0.21","0.375","73.98","241632","4"
"0.515","0.649","4","-6.278","1","0.0338","0.355","0.00155","0.175","0.35","120.003","243413","4"
"0.544","0.172","2","-11.974","1","0.0352","0.923","0.0117","0.0916","0.341","135.764","200454","4"
"0.498","0.203","8","-11.577","1","0.0297","0.905","0.0000994","0.146","0.358","65.827","234915","4"
"0.678","0.531","0","-10.92","1","0.0384","0.393","0.0016","0.125","0.574","149.393","216265","4"
"0.525","0.801","9","-4.74","1","0.0357","0.00548","0.00015","0.107","0.628","179.934","223500","4"
"0.544","0.301","0","-7.6","1","0.0265","0.874","0","0.197","0.251","135.699","229632","4"
"0.446","0.521","1","-8.371","0","0.0548","0.518","0.0000144","0.118","0.528","92.025","273231","3"
"0.803","0.451","6","-9.004","0","0.461","0.0667","0","0.385","0.383","134.88","227574","4"
"0.571","0.377","9","-10.28","0","0.0483","0.41","0","0.157","0.483","133.756","228267","4"
"0.599","0.458","11","-8.075","0","0.0777","0.316","0.000479","0.116","0.498","78.038","255126","4"
"0.749","0.621","3","-7.181","1","0.103","0.115","0.148","0.291","0.38","149.991","229219","4"
"0.528","0.644","11","-5.991","0","0.0433","0.055","0.00000737","0.105","0.363","130.008","214647","4"
"0.549","0.803","11","-4.228","1","0.103","0.255","0","0.0635","0.751","83.863","211056","4"
"0.45","0.534","10","-6.766","0","0.113","0.574","0.000961","0.18","0.193","129.125","186582","4"
"0.547","0.504","5","-7.909","0","0.0478","0.779","0","0.155","0.155","119.895","188000","4"
"0.563","0.461","10","-7.083","0","0.0402","0.353","0.00000459","0.111","0.218","122.544","180597","4"
"0.661","0.426","11","-8.157","0","0.2","0.461","0","0.153","0.481","128.022","193907","4"
"0.683","0.856","11","-3.108","0","0.0812","0.26","0.00000392","0.12","0.655","89.977","245799","4"
"0.659","0.673","4","-5.733","1","0.16","0.492","0.0000178","0.472","0.702","86.974","215862","4"
"0.731","0.397","6","-9.998","0","0.048","0.163","0","0.259","0.198","107.941","171520","4"
"0.712","0.539","3","-7.249","0","0.0432","0.609","0","0.0973","0.5","92.96","175484","4"
"0.674","0.491","5","-7.551","1","0.067","0.0527","0.0000296","0.118","0.677","69.04","213913","4"
"0.708","0.566","0","-10.026","1","0.0445","0.609","0.133","0.0844","0.878","159.992","300826","4"
"0.799","0.322","7","-10.921","0","0.123","0.165","0.00000872","0.115","0.451","83.997","220714","4"
"0.724","0.356","10","-8.078","0","0.0556","0.578","0.0000405","0.0898","0.487","95.059","223080","4"
"0.598","0.449","1","-10.184","1","0.0435","0.878","0.619","0.132","0.301","85.98","223354","4"
"0.924","0.354","11","-9.773","0","0.0423","0.0378","0.0507","0.104","0.271","104.997","269623","4"
"0.712","0.54","4","-7.487","0","0.141","0.067","0","0.239","0.299","81.954","262032","4"
"0.724","0.316","2","-12.144","0","0.209","0.126","0","0.229","0.24","137.762","230953","4"
"0.649","0.386","9","-11.672","0","0.261","0.894","0.0316","0.101","0.134","80.945","217783","5"
"0.406","0.415","8","-9.945","0","0.0916","0.611","0.0000305","0.102","0.15","141.103","223453","4"
"0.564","0.535","8","-5.198","0","0.029","0.109","0","0.249","0.652","84.118","150302","4"
"0.374","0.462","11","-9.002","0","0.0721","0.824","0.000945","0.384","0.111","100.466","218258","4"
"0.436","0.487","5","-5.571","1","0.121","0.647","0.00000179","0.817","0.521","141.489","225725","5"
"0.782","0.488","1","-8.639","1","0.151","0.642","0.011","0.11","0.349","77.028","174545","4"
"0.747","0.402","5","-9.249","0","0.108","0.371","0.000137","0.132","0.488","83.991","205773","4"
"0.564","0.226","3","-9.789","1","0.0307","0.971","0.0000125","0.0699","0.334","159.714","225218","4"
"0.736","0.538","7","-5.263","0","0.0477","0.0631","0","0.121","0.366","110.043","175204","4"
"0.391","0.211","9","-11.867","0","0.0349","0.937","0.01","0.0798","0.218","111.601","244316","4"
"0.484","0.381","2","-6.815","0","0.0541","0.853","0","0.119","0.644","169.506","195920","4"
"0.415","0.38","4","-5.115","1","0.057","0.639","0","0.124","0.524","193.596","206333","4"
"0.647","0.274","0","-8.15","0","0.0624","0.648","0.000114","0.112","0.161","96.158","180437","4"
"0.775","0.692","10","-5.109","0","0.0663","0.327","0.00000431","0.111","0.471","130.003","159007","4"
"0.678","0.378","11","-8.813","0","0.0285","0.665","0.00112","0.0822","0.0771","109.94","163918","4"
"0.453","0.343","7","-8.369","1","0.0352","0.567","0","0.347","0.74","96.935","205552","4"
"0.567","0.875","8","-2.791","0","0.231","0.244","0.0000019","0.0554","0.669","165.238","148739","4"
"0.366","0.519","5","-6.066","1","0.0331","0.35","0","0.145","0.308","124.632","176587","4"
"0.58","0.511","3","-7.131","0","0.0391","0.478","0","0.0916","0.507","140.062","202845","4"
"0.554","0.622","8","-8.916","0","0.0529","0.317","0.00159","0.282","0.345","89.971","256578","4"
"0.613","0.518","2","-7.082","1","0.0359","0.131","0","0.0854","0.176","130.031","268840","4"
"0.211","0.928","0","-7.596","1","0.0824","0.000146","0.0000963","0.39","0.293","100.666","174274","4"
"0.373","0.812","9","-5.719","0","0.0469","0.000286","0.0000296","0.249","0.399","146.302","251804","4"
"0.795","0.69","9","-9.272","1","0.0724","0.165","0.00000393","0.122","0.667","126.996","181955","4"
"0.545","0.59","3","-8.788","1","0.0388","0.653","0.0428","0.127","0.476","140.127","247313","4"
"0.333","0.691","6","-5.224","0","0.0428","0.0135","0.0000575","0.164","0.341","125.204","165000","4"
"0.395","0.271","6","-9.753","0","0.038","0.912","0","0.104","0.609","81.857","165329","4"
"0.165","0.149","9","-11.498","1","0.0344","0.912","0.0000112","0.0839","0.111","81.315","221237","3"
"0.559","0.914","4","-6.869","0","0.0739","0.023","0","0.365","0.772","80.995","184417","4"
"0.351","0.293","5","-11.491","0","0.029","0.688","0.0101","0.111","0.211","146.868","222283","4"
"0.642","0.686","11","-7.649","1","0.0288","0.00197","0","0.0995","0.325","76.002","199075","4"
"0.633","0.612","2","-9.103","1","0.101","0.182","0.239","0.138","0.0977","105.988","291931","4"
"0.585","0.267","7","-13.118","0","0.0555","0.592","0","0.0827","0.273","152.929","370674","4"
"0.595","0.542","0","-6.443","1","0.0287","0.0322","0","0.106","0.217","130.05","194480","4"
"0.537","0.441","0","-8.814","1","0.0321","0.297","0.00239","0.117","0.196","77.02","300050","4"
"0.632","0.276","9","-6.655","0","0.0283","0.731","0.00000117","0.367","0.261","104.083","204150","4"
"0.496","0.405","10","-11.128","1","0.051","0.676","0.00000499","0.169","0.369","127.417","212729","4"
"0.47","0.253","6","-13.42","1","0.0307","0.78","0.0396","0.125","0.251","119.848","249145","3"
"0.602","0.894","1","-4.713","0","0.0564","0.0137","0.0000369","0.128","0.669","118.991","262827","4"
"0.641","0.408","4","-6.927","1","0.0304","0.741","0.0000233","0.0978","0.679","138.46","160015","4"
"0.604","0.266","0","-12.397","0","0.0307","0.873","0.000407","0.11","0.333","97.889","197759","4"
"0.678","0.446","4","-11.002","0","0.104","0.412","0.000189","0.119","0.652","105.981","171602","3"
"0.773","0.556","10","-8.148","1","0.0455","0.546","0.00000207","0.0923","0.335","100.015","259374","4"
"0.546","0.299","5","-14.999","1","0.0386","0.668","0.109","0.111","0.789","115.464","235580","4"
"0.683","0.397","4","-6.247","0","0.057","0.451","0","0.234","0.329","135.18","142643","4"
"0.532","0.288","5","-10.926","1","0.0356","0.818","0.00000112","0.184","0.58","122.253","197830","4"
"0.495","0.216","8","-9.294","1","0.0369","0.925","0","0.108","0.303","110.678","169227","4"
"0.782","0.659","4","-7.379","1","0.0837","0.606","0","0.891","0.801","128.027","173067","4"
"0.499","0.21","1","-9.124","1","0.0409","0.884","0.0000117","0.722","0.376","140.07","285867","3"
"0.453","0.586","4","-6.741","0","0.0395","0.86","0","0.751","0.133","119.306","257267","4"
"0.538","0.434","4","-11.516","1","0.0411","0.803","0.000923","0.711","0.199","117.826","303600","4"
"0.624","0.214","2","-9.471","0","0.0457","0.841","0","0.701","0.3","125.149","246500","3"
"0.505","0.15","8","-9.795","1","0.0439","0.833","0","0.0988","0.383","133.237","291960","4"
"0.428","0.694","11","-8.455","1","0.0978","0.697","0","0.764","0.574","145.353","243942","4"
"0.543","0.123","2","-12.991","1","0.164","0.896","0.0000286","0.676","0.116","70.059","243093","4"
"0.697","0.508","5","-8.811","1","0.0542","0.861","0","0.932","0.412","137.706","200853","4"
"0.433","0.922","8","-6.8","1","0.12","0.123","0.0000048","0.93","0.5","138.203","234027","3"
"0.409","0.375","9","-6.195","1","0.0336","0.887","0","0.125","0.209","128.912","266720","4"
"0.529","0.0964","0","-22.052","1","0.0459","0.808","0.0628","0.709","0.142","151.286","174373","4"
"0.651","0.371","8","-9.977","1","0.0353","0.498","0","0.615","0.527","138.832","201746","4"
"0.597","0.945","5","-6.264","0","0.0917","0.1","0.00000707","0.629","0.531","159.975","266427","4"
"0.439","0.749","7","-4.78","0","0.0591","0.65","0.00144","0.918","0.554","172.395","199509","4"
"0.709","0.571","7","-9.742","1","0.117","0.294","0.0000165","0.645","0.43","116.533","231271","4"
"0.549","0.525","0","-12.83","1","0.335","0.777","0","0.646","0.423","130.863","223027","4"
"0.511","0.518","11","-11.898","0","0.0675","0.738","0","0.678","0.509","127.271","208000","4"
"0.744","0.487","11","-9.369","1","0.0774","0.189","0.00000241","0.692","0.622","97.112","236379","4"
"0.682","0.553","10","-6.143","1","0.0446","0.561","0","0.944","0.513","120.005","273091","4"
"0.333","0.691","6","-5.224","0","0.0428","0.0135","0.0000575","0.164","0.341","125.204","165000","4"
"0.707","0.138","4","-10.102","1","0.0429","0.82","0","0.135","0.591","84.924","194818","4"
"0.395","0.271","6","-9.753","0","0.038","0.912","0","0.104","0.609","81.857","165329","4"
"0.378","0.256","4","-8.899","1","0.0336","0.841","0","0.0854","0.359","123.828","222527","4"
"0.165","0.149","9","-11.498","1","0.0344","0.912","0.0000112","0.0839","0.111","81.315","221237","3"
"0.434","0.66","8","-6.152","1","0.0362","0.139","0","0.0851","0.587","80.504","167050","4"
"0.559","0.914","4","-6.869","0","0.0739","0.023","0","0.365","0.772","80.995","184417","4"
"0.323","0.159","4","-16.517","0","0.0332","0.94","0.00532","0.0892","0.156","135.68","292687","3"
"0.351","0.293","5","-11.491","0","0.029","0.688","0.0101","0.111","0.211","146.868","222283","4"
"0.697","0.619","9","-7.142","1","0.05","0.00828","0","0.203","0.535","94.97","237023","4"
"0.642","0.686","11","-7.649","1","0.0288","0.00197","0","0.0995","0.325","76.002","199075","4"
"0.618","0.542","11","-7.249","0","0.0548","0.332","0.00144","0.0831","0.36","118.078","220371","4"
"0.633","0.612","2","-9.103","1","0.101","0.182","0.239","0.138","0.0977","105.988","291931","4"
"0.815","0.288","0","-12.607","0","0.399","0.799","0","0.104","0.421","125.605","287961","4"
"0.585","0.267","7","-13.118","0","0.0555","0.592","0","0.0827","0.273","152.929","370674","4"
"0.629","0.741","11","-6.598","1","0.0378","0.0398","0","0.361","0.517","89.994","174973","3"
"0.595","0.542","0","-6.443","1","0.0287","0.0322","0","0.106","0.217","130.05","194480","4"
"0.648","0.474","3","-7.175","0","0.0816","0.709","0.00000815","0.0914","0.464","77.098","212793","4"
"0.537","0.441","0","-8.814","1","0.0321","0.297","0.00239","0.117","0.196","77.02","300050","4"
"0.53","0.557","3","-5.298","0","0.0279","0.503","0.0000392","0.104","0.362","87.11","224017","4"
"0.632","0.276","9","-6.655","0","0.0283","0.731","0.00000117","0.367","0.261","104.083","204150","4"
"0.728","0.542","0","-8.331","1","0.0562","0.0853","0","0.504","0.67","121.995","238686","4"
"0.496","0.405","10","-11.128","1","0.051","0.676","0.00000499","0.169","0.369","127.417","212729","4"
"0.537","0.512","6","-8.66","1","0.317","0.463","0.0000012","0.0964","0.177","75.828","171172","4"
"0.478","0.481","4","-8.94","1","0.107","0.0653","0.0000602","0.234","0.346","183.869","246702","4"
"0.479","0.403","2","-12.394","1","0.0287","0.0211","0.0992","0.0762","0.917","158.231","149422","4"
"0.477","0.297","3","-13.955","1","0.0328","0.664","0.000595","0.103","0.455","137.067","247102","4"
"0.564","0.534","0","-7.238","1","0.0382","0.738","0","0.112","0.437","135.889","197815","4"
"0.505","0.438","6","-7.433","1","0.0299","0.656","0","0.118","0.205","90.146","202867","4"
"0.602","0.478","11","-9.7","0","0.0665","0.515","0.0000108","0.0663","0.342","129.9","232334","4"
"0.597","0.175","2","-17.336","1","0.0597","0.975","0.799","0.553","0.86","111.796","250240","4"
"0.332","0.162","6","-18.148","1","0.0312","0.963","0.279","0.132","0.664","147.347","118933","4"
"0.436","0.21","1","-16.959","0","0.0433","0.858","0.00285","0.322","0.534","125.61","331400","3"
"0.518","0.0249","0","-28.022","0","0.0567","0.826","0.894","0.0637","0.155","58.699","208880","4"
"0.487","0.35","6","-11.519","1","0.0347","0.852","0.00633","0.272","0.653","116.216","152120","4"
"0.29","0.15","3","-14.909","1","0.0446","0.876","0.0028","0.168","0.1","97.598","407320","4"
"0.311","0.204","7","-14.382","0","0.0355","0.837","0.00656","0.0989","0.179","104.41","511360","4"
"0.534","0.127","1","-20.562","1","0.0588","0.948","0.541","0.0957","0.346","110.117","181187","4"
"0.432","0.0629","8","-24.219","0","0.0506","0.916","0.0000496","0.0865","0.653","81.276","96120","4"
"0.088","0.153","5","-18.988","1","0.0375","0.768","0.802","0.185","0.112","67.479","409640","4"
"0.286","0.221","2","-15.677","0","0.0354","0.874","0.467","0.123","0.203","112.612","389467","4"
"0.247","0.132","4","-25.655","0","0.0338","0.891","0.852","0.0565","0.334","67.719","445867","3"
"0.298","0.188","1","-17.934","0","0.0376","0.853","0.319","0.0616","0.331","109.204","160000","4"
"0.248","0.0133","11","-28.458","0","0.0554","0.967","0.00000253","0.0994","0.124","72.61","324760","4"
"0.245","0.124","9","-21.85","0","0.0459","0.956","0.831","0.113","0.379","69.104","134800","3"
"0.228","0.0666","6","-22.092","0","0.0434","0.733","0.0412","0.122","0.0674","136.779","423093","4"
"0.298","0.139","9","-19.633","0","0.0425","0.888","0.00379","0.109","0.079","122.944","211000","4"
"0.303","0.122","5","-23.361","0","0.053","0.944","0.0000852","0.618","0.258","102.093","1078507","4"
"0.134","0.0546","0","-26.69","1","0.0574","0.984","0.0000215","0.111","0.0479","74.341","392880","4"
"0.326","0.0553","0","-23.187","1","0.0556","0.927","0.000151","0.113","0.302","114.03","284693","3"
"0.217","0.0765","11","-23.346","0","0.0367","0.944","0.477","0.111","0.0656","109.365","772907","4"
"0.325","0.112","1","-19.847","0","0.0502","0.751","0.00000107","0.0943","0.255","106.211","102827","3"
"0.201","0.115","8","-15.789","1","0.0406","0.957","0.151","0.108","0.0393","147.055","198693","5"
"0.263","0.106","9","-20.682","0","0.0463","0.986","0","0.19","0.0927","81.217","146267","4"
"0.325","0.126","11","-16.982","0","0.0486","0.988","0.000328","0.108","0.0711","129.107","150373","4"
"0.223","0.176","11","-18.616","1","0.0436","0.602","0.00000125","0.345","0.112","74.856","195680","4"
"0.323","0.116","1","-19.19","1","0.0405","0.95","0.111","0.146","0.282","136.032","184747","4"
"0.364","0.0789","1","-19.392","1","0.0543","0.821","0.0342","0.0667","0.318","136.461","139133","3"
"0.478","0.272","0","-19.593","1","0.0454","0.749","0.836","0.144","0.549","114.171","125693","4"
"0.196","0.0673","6","-25.98","1","0.0341","0.879","0.34","0.246","0.145","86.275","147560","3"
"0.306","0.000634","11","-43.244","1","0.0482","0.995","0.88","0.0904","0.0935","66.325","214613","4"
"0.246","0.0491","4","-24.478","1","0.0376","0.99","0.917","0.0911","0.0344","73.809","441133","3"
"0.507","0.0112","9","-26.899","1","0.0699","0.989","0.918","0.0839","0.0399","97.06","366667","3"
"0.298","0.0197","8","-27.807","1","0.0398","0.992","0.882","0.174","0.0332","176.166","793653","4"
"0.291","0.108","10","-20.741","1","0.0394","0.987","0.892","0.0889","0.0386","77.513","336373","3"
"0.391","0.00394","11","-31.191","0","0.0495","0.995","0.937","0.0989","0.168","80.208","477250","4"
"0.289","0.25","5","-20.109","0","0.0372","0.99","0.882","0.112","0.039","144.783","211267","3"
"0.471","0.216","9","-21.137","0","0.0558","0.994","0.852","0.0897","0.347","92.132","115880","4"
"0.204","0.015","0","-44.727","1","0.0362","0.978","0.929","0.142","0.0548","72.704","45933","1"
"0.363","0.00145","1","-41.335","1","0.0425","0.992","0.615","0.116","0.448","63.477","49467","4"
"0.304","0.254","6","-23.575","1","0.0395","0.987","0.889","0.0791","0.777","67.833","228240","4"
"0.618","0.00123","4","-34.374","1","0.201","0.961","0.271","0.0669","0.431","70.162","262347","4"
"0.347","0.224","10","-20.858","1","0.0358","0.986","0.915","0.115","0.254","106.129","500453","4"
"0.582","0.000395","11","-43.711","1","0.271","0.963","0.0901","0.085","0","103.668","53760","4"
"0.237","0.144","0","-23.163","0","0.0408","0.993","0.896","0.11","0.507","82.835","223227","4"
"0.378","0.00553","4","-30.861","0","0.0759","0.995","0.946","0.0627","0.102","67.129","389280","5"
"0.182","0.0159","11","-29.165","0","0.0433","0.994","0.903","0.0757","0.0513","62.746","277600","3"
"0.279","0.0342","11","-29.696","0","0.0361","0.994","0.911","0.104","0.169","87.781","119520","4"
"0.408","0.00195","1","-41.513","1","0.047","0.979","0.766","0.0715","0.106","82.42","122920","4"
"0.306","0.00707","10","-34.125","1","0.0421","0.995","0.906","0.109","0.119","70.325","186533","4"
"0.413","0.0523","3","-25.08","1","0.0535","0.957","0.918","0.063","0.08","102.563","319320","4"
"0.394","0.0336","4","-23.732","0","0.0415","0.986","0.919","0.0723","0.0398","66.636","158053","3"
"0.407","0.212","10","-21.541","1","0.0373","0.991","0.879","0.0993","0.382","88.213","333293","4"
"0.38","0.115","5","-22.897","1","0.0515","0.992","0.9","0.0844","0.21","129.473","135360","4"
"0.422","0.14","2","-20.818","0","0.0359","0.987","0.91","0.053","0.174","106.62","550827","4"
"0.395","0.0456","10","-26.772","0","0.0454","0.994","0.873","0.0973","0.185","116.223","274787","4"
"0.396","0.111","5","-22.536","1","0.0472","0.988","0.872","0.128","0.144","77.148","294520","4"
"0.369","0.0206","1","-26.218","1","0.037","0.995","0.888","0.109","0.0374","131.913","375360","4"
"0.522","0.0507","2","-25.674","1","0.0479","0.994","0.88","0.0788","0.44","111.412","197307","4"
"0.437","0.272","0","-18.77","0","0.0372","0.967","0.913","0.0452","0.461","96.357","321947","4"
"0.346","0.218","2","-17.68","0","0.0402","0.97","0.114","0.0574","0.124","132.348","377200","4"
"0.316","0.341","3","-13.664","1","0.0588","0.965","0.000149","0.481","0.444","87.229","190173","4"
"0.189","0.114","0","-23.119","1","0.0565","0.988","0.000786","0.17","0.04","73.602","265760","1"
"0.179","0.0597","2","-23.852","1","0.052","0.597","0.0000739","0.56","0.0383","82.234","556907","4"
"0.23","0.104","8","-23.709","1","0.0651","0.974","0.00107","0.146","0.0367","178.235","502040","4"
"0.268","0.0729","1","-24.554","1","0.0448","0.982","0.0024","0.131","0.0398","131.507","531250","3"
"0.23","0.235","5","-16.011","0","0.0574","0.949","0.000854","0.508","0.0436","80.18","568240","4"
"0.246","0.147","8","-20.715","1","0.0454","0.988","0.0148","0.425","0.0391","75.109","285733","3"
"0.161","0.0353","6","-24.558","1","0.0458","0.576","0.0000438","0.641","0.0393","82.694","300200","3"
"0.285","0.135","2","-19.17","0","0.0651","0.968","0.00923","0.21","0.135","147.095","171200","3"
"0.304","0.182","11","-27.861","1","0.551","0.959","0.0000295","0.674","0.0644","98.448","316987","4"
"0.234","0.133","5","-15.602","0","0.0419","0.976","0.569","0.136","0.0394","65.621","180547","3"
"0.201","0.194","1","-17.975","1","0.0475","0.949","0.00611","0.0929","0.0749","168.757","705824","5"
"0.155","0.0257","0","-28.712","1","0.0372","0.966","0.102","0.419","0.0396","83.337","126160","4"
"0.369","0.119","5","-20.305","0","0.0476","0.868","0.826","0.377","0.26","146.37","379667","4"
"0.213","0.0603","7","-23.161","1","0.0481","0.95","0.00108","0.0929","0.0395","171.28","231547","3"
"0.644","0.0495","9","-20.5","1","0.054","0.947","0","0.177","0.645","116.443","215066","4"
"0.161","0.068","5","-24.34","0","0.0416","0.971","0.373","0.101","0.0318","72.683","256827","3"
"0.166","0.0144","10","-28.753","1","0.0421","0.938","0.00192","0.0793","0.0402","99.771","416173","4"
"0.294","0.282","8","-14.912","1","0.0678","0.975","0.00000645","0.704","0.182","86.862","293400","3"
"0.191","0.0766","2","-22.998","1","0.0548","0.972","0.0000787","0.138","0.0358","84.64","318653","1"
"0.416","0.134","2","-21.133","0","0.0732","0.979","0.00113","0.0992","0.105","85.125","322760","4"
"0.215","0.262","7","-13.525","0","0.0425","0.976","0.445","0.288","0.0922","75.554","391747","4"
"0.309","0.0562","5","-31.473","0","0.0868","0.894","0.000124","0.126","0.281","172.214","201733","3"
"0.311","0.103","10","-22.747","1","0.049","0.972","0.0000389","0.412","0.0386","76.541","396333","4"
"0.216","0.0309","8","-28.32","1","0.0528","0.945","0.0000918","0.542","0.0567","173.874","241840","3"
"0.292","0.0406","7","-28.674","1","0.0417","0.951","0.00151","0.487","0.0401","114.267","319867","4"
"0.188","0.456","2","-14.81","0","0.0523","0.905","0.912","0.146","0.0372","139.503","181440","3"
"0.327","0.137","0","-21.151","0","0.0497","0.948","0.000343","0.0727","0.0666","134.308","452080","4"
"0.418","0.119","9","-23.568","0","0.19","0.937","0.0000142","0.5","0.14","97.893","343360","4"
"0.258","0.127","0","-15.942","0","0.035","0.951","0.907","0.161","0.0525","102.762","926660","4"
"0.292","0.164","1","-17.792","1","0.0342","0.912","0.0296","0.177","0.284","149.46","377200","4"
"0.0798","0.197","0","-15.453","1","0.0404","0.929","0.927","0.383","0.034","82.476","1615000","4"
"0.485","0.457","2","-14.464","0","0.104","0.869","0.858","0.154","0.349","135.662","275180","4"
"0.374","0.251","2","-14.249","1","0.0348","0.964","0.884","0.166","0.236","133.837","349267","3"
"0.067","0.0503","0","-27.185","1","0.0423","0.961","0.857","0.0917","0.0351","72.665","1383000","4"
"0.122","0.0458","9","-23.494","0","0.0381","0.963","0.876","0.105","0.0361","81.402","628467","4"
"0.155","0.235","2","-22.332","1","0.0463","0.904","0.835","0.0841","0.104","66.681","1217067","4"
"0.23","0.126","1","-19.755","1","0.0422","0.902","0.708","0.0857","0.0376","74.756","1163093","4"
"0.207","0.102","1","-17.365","1","0.0384","0.974","0.542","0.104","0.303","82.319","181200","4"
"0.134","0.0922","2","-21.503","1","0.0348","0.887","0.541","0.0793","0.0537","79.389","596227","4"
"0.138","0.114","7","-21.041","1","0.0347","0.931","0.909","0.0431","0.0387","148.02","794000","4"
"0.42","0.198","10","-22.692","1","0.0427","0.87","0.679","0.0651","0.284","127.555","497279","4"
"0.472","0.0614","4","-22.876","0","0.0315","0.914","0.263","0.137","0.502","96.265","264173","4"
"0.128","0.0792","9","-21.491","0","0.0407","0.943","0.9","0.0863","0.0421","84.728","907173","4"
"0.26","0.096","4","-22.931","1","0.0481","0.879","0.816","0.727","0.103","140.429","724600","4"
"0.306","0.385","11","-19.495","1","0.0684","0.952","0.726","0.11","0.0395","140.373","378360","3"
"0.0938","0.116","8","-19.97","1","0.0385","0.96","0.868","0.12","0.0562","80.82","1197373","5"
"0.172","0.042","0","-26.26","1","0.0385","0.842","0.0214","0.605","0.179","82.724","311093","3"
"0.0718","0.0512","3","-32.898","0","0.0402","0.896","0.147","0.162","0.0372","77.799","400320","5"
"0.474","0.205","5","-18.179","1","0.0378","0.931","0.762","0.0761","0.191","126.588","506706","4"
"0.11","0.124","4","-19.495","0","0.0374","0.554","0.773","0.197","0.0331","93.035","1607333","4"
"0.431","0.36","1","-14.192","0","0.0341","0.84","0.548","0.0926","0.171","178.445","374067","5"
"0.143","0.0178","10","-29.009","1","0.0387","0.918","0.805","0.0915","0.0394","141.789","564933","1"
"0.343","0.133","7","-18.721","0","0.034","0.962","0.808","0.0988","0.191","96.891","529307","4"
"0.273","0.702","11","-12.429","0","0.281","0.626","0.884","0.18","0.0375","118.712","958533","4"
"0.183","0.232","5","-18.721","1","0.0454","0.93","0.862","0.227","0.114","84.263","1102667","4"
"0.0807","0.0442","2","-21.081","1","0.0384","0.906","0.734","0.111","0.0343","172.911","527040","4"
"0.435","0.258","0","-16.744","1","0.0439","0.857","0.83","0.301","0.2","132.167","721773","4"
"0.26","0.368","0","-12.991","1","0.0335","0.817","0.841","0.106","0.191","108.351","448173","4"
"0.34","0.53","8","-10.514","1","0.0448","0.296","0.00311","0.129","0.184","73.017","257788","4"
"0.668","0.545","0","-8.575","1","0.0296","0.121","0.0000612","0.146","0.586","132.985","255127","4"
"0.471","0.149","4","-12.857","1","0.0313","0.854","0.000317","0.0992","0.197","138.938","234874","4"
"0.767","0.677","5","-4.668","1","0.0332","0.292","0","0.292","0.591","119.954","181000","4"
"0.425","0.516","7","-9.646","1","0.123","0.425","0.000214","0.135","0.665","207.399","184773","4"
"0.595","0.403","9","-8.567","1","0.0274","0.557","0","0.273","0.438","143.85","200516","4"
"0.592","0.905","7","-4.324","1","0.214","0.553","0","0.735","0.692","80.204","184826","4"
"0.668","0.174","10","-8.519","1","0.0399","0.759","0","0.111","0.294","115.143","182069","3"
"0.742","0.363","1","-8.188","1","0.0282","0.671","0.00000143","0.145","0.351","130.921","260863","3"
"0.601","0.551","8","-10.756","0","0.0799","0.108","0","0.221","0.319","119.824","182470","4"
"0.697","0.341","2","-8.913","1","0.0275","0.575","0","0.168","0.283","80.035","267802","4"
"0.661","0.815","9","-5.048","1","0.0795","0.231","0","0.45","0.511","104.894","247133","4"
"0.629","0.741","11","-6.598","1","0.0378","0.0398","0","0.361","0.517","89.994","174973","3"
"0.753","0.839","4","-5.369","1","0.0388","0.179","0","0.348","0.725","101.976","241456","4"
"0.416","0.169","1","-7.451","1","0.0373","0.904","0","0.128","0.243","76.544","225319","4"
"0.7","0.633","7","-7.635","0","0.0334","0.619","0","0.339","0.506","142.015","224987","4"
"0.579","0.447","11","-10.489","1","0.0686","0.0104","0","0.154","0.157","88.069","185331","4"
"0.636","0.722","6","-8.409","0","0.0316","0.277","0","0.911","0.547","113.99","236887","4"
"0.707","0.657","7","-8.982","1","0.0371","0.381","0","0.104","0.856","129.928","158501","4"
"0.595","0.542","0","-6.443","1","0.0287","0.0322","0","0.106","0.217","130.05","194480","4"
"0.512","0.536","11","-8.581","1","0.34","0.681","0","0.596","0.634","106.439","269093","5"
"0.576","0.683","2","-5.107","1","0.0784","0.0574","0","0.784","0.39","76.971","272063","4"
"0.6","0.436","11","-10.499","1","0.0627","0.0126","0","0.166","0.144","88.056","185331","4"
"0.668","0.389","4","-10.137","1","0.0576","0.299","0.000022","0.103","0.696","79.976","211663","4"
"0.551","0.536","1","-6.316","1","0.028","0.704","0","0.0917","0.412","136.934","212764","4"
"0.446","0.569","4","-6.999","1","0.0363","0.442","0.000131","0.193","0.435","170.915","174009","3"
"0.406","0.265","2","-13.705","1","0.0386","0.668","0","0.946","0.308","170.059","233741","4"
"0.505","0.571","7","-10.782","1","0.0347","0.0492","0.00000388","0.0605","0.526","158.48","157025","4"
"0.751","0.761","7","-6.608","1","0.0782","0.0943","0","0.296","0.81","133.013","178413","4"
"0.629","0.687","5","-7.415","0","0.0666","0.101","0","0.296","0.424","113.192","205986","4"
"0.393","0.129","8","-23.347","1","0.0393","0.904","0.587","0.1","0.645","120.123","386533","4"
"0.0694","0.0317","8","-24.556","1","0.039","0.979","0.906","0.0901","0.0395","65.079","444893","4"
"0.366","0.155","2","-24.386","1","0.0453","0.981","0.932","0.123","0.152","126.743","422653","4"
"0.227","0.031","7","-25.059","1","0.0363","0.977","0.924","0.0828","0.0919","84.458","484893","4"
"0.0954","0.00881","0","-36.496","1","0.0488","0.938","0.464","0.315","0.0531","84.653","425733","3"
"0.291","0.121","5","-20.6","1","0.0373","0.971","0.894","0.19","0.168","85.366","489240","4"
"0.276","0.221","11","-15.865","0","0.04","0.953","0.883","0.087","0.112","115.125","742787","4"
"0.1","0.0832","2","-26.671","1","0.052","0.931","0.891","0.123","0.0246","68.289","222053","4"
"0.194","0.0357","10","-27.013","1","0.0397","0.974","0.897","0.126","0.0571","86.009","202120","3"
"0.338","0.0831","10","-21.027","1","0.0378","0.994","0.906","0.0946","0.207","70.576","137053","4"
"0.202","0.11","11","-21.138","0","0.0436","0.934","0.631","0.339","0.0677","92.878","276907","3"
"0.113","0.00928","1","-27.26","0","0.0489","0.981","0.773","0.12","0.0303","82.055","580800","4"
"0.425","0.131","5","-22.037","1","0.0438","0.961","0.888","0.0926","0.138","117.958","454427","4"
"0.203","0.104","7","-23.797","1","0.0528","0.975","0.676","0.101","0.1","80.713","208733","4"
"0.154","0.0118","10","-31.067","1","0.0467","0.972","0.847","0.0709","0.0524","80.151","450413","3"
"0.107","0.0227","0","-25.521","1","0.0557","0.964","0.679","0.106","0.073","170.713","386253","4"
"0.123","0.0127","9","-33.129","0","0.0437","0.965","0.823","0.0713","0.0367","95.722","577413","4"
"0.0699","0.0204","4","-28.242","1","0.051","0.99","0.905","0.0967","0.0424","73.214","269347","3"
"0.251","0.0588","7","-22.936","1","0.0473","0.953","0.515","0.0842","0.0398","88.632","494800","4"
"0.176","0.0571","5","-23.391","1","0.0437","0.979","0.879","0.0504","0.0389","141.864","424880","4"
"0.368","0.129","2","-23.025","1","0.0472","0.942","0.456","0.107","0.259","121.583","404000","4"
"0.176","0.015","3","-26.949","1","0.0373","0.987","0.86","0.0635","0.0393","90.11","392320","4"
"0.147","0.0129","7","-30.572","1","0.046","0.924","0.287","0.19","0.0354","83.522","429733","3"
"0.316","0.058","11","-23.956","0","0.0368","0.989","0.887","0.106","0.322","81.657","307760","4"
"0.463","0.162","7","-24.484","0","0.045","0.963","0.825","0.0943","0.374","125.514","359667","4"
"0.19","0.104","0","-21.574","0","0.0525","0.899","0.89","0.107","0.112","145.359","433040","5"
"0.0889","0.0401","2","-26.636","1","0.0445","0.97","0.747","0.144","0.0369","85.409","754920","3"
"0.147","0.0591","7","-26.783","1","0.054","0.992","0.926","0.0639","0.0278","85.382","339000","4"
"0.239","0.0631","2","-28.97","0","0.0391","0.943","0.947","0.0963","0.114","125.44","549000","4"
"0.13","0.00924","6","-27.853","1","0.0448","0.988","0.909","0.0849","0.0369","77.307","386507","4"
"0.703","0.748","1","-6.047","1","0.0435","0.123","0","0.0642","0.625","111.943","184080","4"
"0.592","0.588","10","-4.889","1","0.0405","0.118","0","0.138","0.336","81.997","195075","4"
"0.678","0.729","8","-4.188","1","0.137","0.0658","0","0.303","0.643","99.895","189173","4"
"0.603","0.554","2","-4.381","1","0.0646","0.452","0","0.0545","0.354","111.989","216239","4"
"0.757","0.849","5","-3.424","0","0.0536","0.173","0","0.0878","0.826","150.036","228207","4"
"0.262","0.789","10","-4.548","1","0.123","0.00422","0","0.325","0.487","171.009","199357","3"
"0.586","0.661","7","-6.585","0","0.0432","0.056","0.0000013","0.104","0.268","114.917","218759","4"
"0.638","0.679","4","-5.278","1","0.0425","0.0016","0.00655","0.121","0.596","81.045","181880","4"
"0.739","0.621","11","-6.929","0","0.238","0.049","0.00369","0.0718","0.462","85.969","205533","4"
"0.817","0.74","11","-4.566","0","0.283","0.266","0","0.0992","0.674","130.04","215151","4"
"0.579","0.472","2","-10.051","0","0.337","0.61","0.0000166","0.103","0.219","134.977","243387","4"
"0.792","0.743","7","-2.806","1","0.0851","0.107","0","0.183","0.742","150.024","195637","4"
"0.734","0.76","11","-5.267","0","0.0415","0.0232","0","0.127","0.685","122.072","207013","4"
"0.752","0.514","0","-6.108","1","0.0513","0.201","0","0.0951","0.767","109.795","201720","3"
"0.615","0.698","6","-3.212","1","0.0485","0.0812","0.00000117","0.18","0.437","80.024","180853","4"
"0.559","0.422","11","-11.89","1","0.195","0.701","0.00000199","0.0853","0.191","74.002","286928","4"
"0.786","0.764","11","-2.935","1","0.0798","0.122","0","0.102","0.913","90.979","163880","4"
"0.323","0.159","4","-16.517","0","0.0332","0.94","0.00532","0.0892","0.156","135.68","292687","3"
"0.701","0.707","4","-7.716","0","0.0388","0.00555","0.0778","0.0416","0.837","131.323","344667","4"
"0.601","0.584","1","-8.072","1","0.035","0.000539","0.000101","0.0867","0.076","132.11","259048","4"
"0.459","0.643","11","-9.614","1","0.0485","0.115","0.00181","0.302","0.778","81.827","145288","4"
"0.358","0.915","11","-6.815","0","0.0912","0.0000151","0.0000247","0.2","0.368","128.941","219181","4"
"0.527","0.725","5","-6.321","0","0.0245","0.0095","0.00000391","0.137","0.273","93.008","198437","4"
"0.483","0.317","0","-12.366","1","0.031","0.621","0.0048","0.0883","0.202","86.739","188196","4"
"0.658","0.479","6","-11.189","1","0.0279","0.00485","0.00000725","0.105","0.241","102.012","207643","4"
"0.528","0.694","9","-7.956","0","0.0473","0.0334","0","0.324","0.783","130.006","274969","4"
"0.429","0.926","4","-5.276","1","0.0689","0.0319","0","0.179","0.41","140.847","241717","4"
"0.363","0.578","7","-10.019","1","0.0317","0.00134","0.0000246","0.0778","0.381","171.872","295650","4"
"0.525","0.551","4","-9.131","1","0.0341","0.000297","0.0124","0.0789","0.575","128.055","279232","4"
"0.739","0.587","5","-5.94","1","0.0457","0.393","0.0000033","0.0855","0.232","115.885","214751","4"
"0.665","0.252","3","-8.407","0","0.0323","0.855","0","0.113","0.339","121.994","301145","4"
"0.537","0.48","5","-9.936","0","0.0301","0.00381","0","0.0886","0.568","104.34","218993","4"
"0.611","0.658","9","-8.502","1","0.0404","0.00293","0.0118","0.372","0.489","110.768","143582","4"
"0.549","0.515","11","-6.831","1","0.0287","0.0704","0.00000901","0.11","0.462","69.957","183093","4"
"0.543","0.172","6","-10.139","1","0.0369","0.921","0","0.105","0.406","76.593","231160","4"
"0.658","0.479","6","-11.189","1","0.0279","0.00485","0.00000725","0.105","0.241","102.012","207643","4"
"0.416","0.18","3","-12.435","1","0.0517","0.861","0","0.127","0.297","181.77","221100","4"
"0.636","0.598","3","-6.943","1","0.0247","0.0462","0.00000282","0.0854","0.379","103.977","261893","4"
"0.528","0.116","2","-14.375","1","0.0388","0.94","0","0.108","0.438","78.245","168799","4"
"0.586","0.411","4","-6.047","1","0.219","0.702","0","0.201","0.798","92.598","192147","4"
"0.672","0.545","7","-8.222","0","0.0352","0.303","0.00383","0.337","0.653","105.025","168677","4"
"0.562","0.617","5","-11.175","1","0.142","0.635","0","0.0783","0.7","82.221","198120","4"
"0.499","0.548","2","-6.858","1","0.0296","0.118","0","0.125","0.281","87.854","198293","4"
"0.413","0.934","4","-4.073","1","0.0665","0.126","0.00936","0.503","0.533","92.008","303082","4"
"0.39","0.926","8","-3.204","1","0.0438","0.12","0.158","0.17","0.15","136.151","336161","4"
"0.428","0.159","3","-12.717","0","0.0414","0.88","0.00000148","0.11","0.292","162.9","171821","4"
"0.517","0.245","7","-14.591","1","0.0325","0.748","0.156","0.11","0.264","121.075","183052","4"
"0.705","0.327","6","-11.784","1","0.037","0.516","0.0000615","0.11","0.16","116.292","277563","4"
"0.481","0.203","8","-9.367","1","0.0368","0.918","0","0.108","0.293","105.201","169227","4"
"0.643","0.132","5","-11.266","0","0.0931","0.909","0","0.101","0.132","114.251","234080","4"
"0.535","0.231","6","-10.827","0","0.0311","0.475","0","0.102","0.291","133.625","224256","4"
"0.521","0.295","4","-8.803","0","0.0841","0.769","0","0.124","0.503","165.311","263771","4"
"0.573","0.19","6","-11.896","1","0.0333","0.941","0","0.107","0.625","128.02","204295","4"
"0.474","0.394","0","-11.166","1","0.0349","0.594","0","0.0915","0.309","78.122","217932","4"
"0.372","0.15","2","-11.116","1","0.0294","0.963","0","0.124","0.0784","68.776","211159","4"
"0.481","0.633","6","-6.002","1","0.0255","0.000126","0","0.0821","0.407","90.009","237510","4"
"0.468","0.197","4","-11.727","1","0.033","0.658","0","0.109","0.249","144.212","243805","3"
"0.206","0.044","1","-26.372","0","0.0522","0.954","0.000338","0.292","0.0397","134.726","576960","4"
"0.198","0.0336","8","-25.179","0","0.0562","0.993","0.0136","0.0735","0.0662","84.833","372600","5"
"0.211","0.0581","0","-24.332","1","0.0556","0.994","0.146","0.0603","0.049","135.901","139947","3"
"0.801","0.812","7","-4.47","1","0.0587","0.151","0.000364","0.152","0.699","87.971","251267","4"
"0.702","0.914","7","-2.934","0","0.0376","0.153","0","0.0625","0.563","96.991","190916","4"
"0.786","0.65","4","-6.839","1","0.109","0.363","0.0000817","0.122","0.712","92.975","129040","4"
"0.663","0.696","9","-4.957","0","0.103","0.0561","0.0000377","0.0778","0.738","180.113","235747","4"
"0.805","0.786","1","-4.418","1","0.0364","0.199","0","0.197","0.751","94.983","200093","4"
"0.825","0.771","1","-4.116","1","0.0804","0.0167","0.00000204","0.0901","0.718","102.927","173366","4"
"0.792","0.768","4","-5.074","0","0.107","0.046","0.00000339","0.067","0.295","89.917","158005","4"
"0.848","0.825","4","-4.177","0","0.0897","0.393","0","0.0498","0.803","102.047","202693","4"
"0.857","0.772","10","-4.736","0","0.194","0.187","0.00181","0.0851","0.589","94.028","164765","4"
"0.776","0.829","1","-5.494","0","0.0545","0.219","0.00000191","0.414","0.647","102.047","194333","4"
"0.802","0.672","2","-5.661","1","0.165","0.456","0.00047","0.318","0.888","104.944","174800","4"
"0.856","0.728","7","-3.497","1","0.0916","0.135","0.000001","0.2","0.797","89.999","181093","4"
"0.79","0.858","2","-2.78","1","0.0471","0.303","0","0.61","0.79","92.05","192000","4"
"0.8","0.729","9","-2.897","0","0.144","0.101","0","0.316","0.836","171.976","271515","4"
"0.779","0.76","8","-3.702","1","0.0451","0.0359","0.0000125","0.0886","0.83","91.976","245559","4"
"0.794","0.814","11","-4.921","1","0.161","0.107","0.00000698","0.131","0.826","105.018","194529","4"
"0.81","0.757","1","-5.352","0","0.0599","0.0391","0.000384","0.346","0.72","100.002","236200","4"
"0.728","0.801","8","-2.942","0","0.0683","0.279","0.00000471","0.143","0.416","130.059","226627","4"
"0.81","0.789","1","-5.048","1","0.04","0.069","0.00103","0.0638","0.856","94.025","220538","4"
"0.837","0.847","4","-4.395","1","0.0982","0.318","0","0.261","0.73","90.996","206560","4"
"0.8","0.841","5","-2.817","0","0.0524","0.0273","0","0.291","0.798","94.021","170133","4"
"0.726","0.8","11","-5.858","0","0.0588","0.203","0.000175","0.107","0.765","109.984","217104","4"
"0.804","0.705","1","-5.272","1","0.199","0.0275","0.000138","0.202","0.45","103.009","218470","4"
"0.663","0.804","8","-4.102","0","0.0582","0.143","0.00126","0.279","0.865","172.006","279370","4"
"0.498","0.782","8","-4.277","1","0.143","0.409","0","0.121","0.835","83.997","211429","4"
"0.738","0.593","1","-7.597","0","0.486","0.54","0.00219","0.109","0.542","187.832","174377","4"
"0.699","0.785","10","-3.387","1","0.116","0.157","0.0000504","0.0993","0.767","192.029","203467","4"
"0.36","0.0294","4","-26.897","0","0.058","0.979","0.891","0.113","0.174","129.178","232000","4"
"0.311","0.158","4","-21.102","1","0.0571","0.989","0.888","0.101","0.519","85.796","130267","3"
"0.253","0.0503","11","-21.59","0","0.0467","0.941","0.927","0.0956","0.0732","69.695","652307","4"
"0.8","0.578","4","-5.144","0","0.0485","0.00381","0","0.359","0.367","143.01","204665","4"
"0.834","0.73","8","-3.714","1","0.222","0.00513","0","0.124","0.446","155.008","312820","4"
"0.694","0.77","6","-5.335","1","0.149","0.176","0.000011","0.118","0.163","125.905","184560","4"
"0.69","0.784","1","-4.653","1","0.032","0.323","0","0.203","0.669","106.066","194408","4"
"0.71","0.614","10","-6.757","0","0.0431","0.186","0","0.0974","0.658","148.152","172107","4"
"0.719","0.704","1","-4.724","1","0.0476","0.0691","0","0.166","0.628","133.002","187436","4"
"0.851","0.541","0","-6.825","1","0.0505","0.568","0","0.13","0.448","124.959","235545","4"
"0.735","0.482","8","-9.445","1","0.139","0.00623","0.0144","0.448","0.315","181.995","217933","4"
"0.659","0.738","4","-5.072","0","0.0477","0.118","0","0.115","0.481","127.95","183750","4"
"0.596","0.854","7","-5.114","0","0.463","0.0169","0","0.124","0.152","120.274","203418","4"
"0.63","0.694","11","-6.257","0","0.0253","0.00281","0","0.0719","0.216","97.005","195519","4"
"0.673","0.71","8","-6.744","1","0.0324","0.00277","0","0.55","0.54","110.017","173613","4"
"0.884","0.559","0","-7.442","1","0.12","0.0236","0","0.101","0.342","97.994","232959","4"
"0.747","0.834","3","-2.867","0","0.045","0.374","0","0.0586","0.687","128.005","215760","4"
"0.604","0.673","1","-5.979","1","0.0545","0.0268","0.0000332","0.187","0.287","144.971","197573","4"
"0.733","0.765","7","-5.562","1","0.0622","0.151","0","0.231","0.518","109.984","163636","4"
"0.487","0.789","8","-3.69","1","0.044","0.00947","0.00000405","0.189","0.0564","150.007","270715","4"
"0.732","0.922","6","-1.829","0","0.0975","0.0348","0","0.146","0.589","120.033","218250","4"
"0.672","0.735","5","-4.733","1","0.0457","0.286","0","0.242","0.754","115.741","201287","4"
"0.737","0.636","11","-4.546","0","0.0437","0.0441","0.0000666","0.35","0.565","105.005","222653","4"
"0.884","0.541","11","-5.608","1","0.221","0.0831","0","0.118","0.274","105.009","194936","4"
"0.425","0.642","4","-5.06","0","0.0502","0.164","0","0.118","0.112","170.008","211867","4"
"0.611","0.602","5","-4.89","1","0.0437","0.000837","0","0.112","0.624","168.154","148460","4"
"0.414","0.486","6","-6.431","0","0.0311","0.0129","0","0.111","0.368","128.038","230762","4"
"0.746","0.825","1","-4.666","1","0.169","0.0142","0.0107","0.121","0.584","152.914","204150","4"
"0.548","0.839","6","-2.371","1","0.0644","0.135","0","0.102","0.314","98.932","218296","4"
"0.816","0.726","5","-3.998","0","0.129","0.099","0","0.372","0.65","136.048","253390","4"
"0.423","0.857","10","-3.441","0","0.275","0.0316","0","0.0555","0.655","180.01","207430","4"
"0.529","0.871","10","-5.831","1","0.155","0.118","0.000164","0.115","0.272","189.837","199867","4"
"0.711","0.517","11","-7.695","1","0.0391","0.154","0","0.149","0.294","119.945","204516","4"
"0.646","0.644","2","-6.763","1","0.031","0.0243","0","0.0888","0.251","99.999","221520","4"
"0.745","0.356","1","-10.425","1","0.0941","0.172","0.00943","0.123","0.607","160.033","326933","4"
"0.385","0.866","4","-2.817","0","0.0697","0.004","0","0.111","0.551","176.014","228360","4"
"0.874","0.568","11","-5.896","0","0.224","0.0698","0.0000138","0.149","0.46","139.995","237400","4"
"0.7","0.714","9","-6.295","0","0.104","0.122","0","0.0428","0.458","99.909","234308","4"
"0.64","0.533","0","-6.596","1","0.0706","0.119","0","0.0864","0.515","99.968","220781","4"
"0.429","0.948","5","-3.657","0","0.227","0.00711","0.0148","0.0812","0.55","115.785","261517","3"
"0.737","0.452","0","-8.366","1","0.0534","0.0578","0.0000148","0.187","0.096","117.962","245653","4"
"0.67","0.838","0","-4.031","1","0.0362","0.0604","0.000611","0.159","0.717","104.998","222041","4"
"0.762","0.476","0","-12.686","1","0.114","0.366","0","0.103","0.375","130.007","243270","4"
"0.825","0.652","1","-3.183","0","0.0802","0.581","0","0.0931","0.931","95.977","233713","4"
"0.732","0.396","4","-9.348","0","0.0286","0.0841","0.0000358","0.105","0.548","90.024","195920","4"
"0.924","0.444","1","-8.227","1","0.243","0.0143","0","0.26","0.314","136.088","236615","4"
"0.643","0.813","5","-2.147","0","0.0828","0.109","0.000348","0.355","0.36","124.178","268813","4"
"0.652","0.795","11","-5.192","0","0.174","0.156","0","0.123","0.788","135.018","304607","4"
"0.746","0.653","7","-6.745","1","0.289","0.378","0","0.229","0.672","75.016","253107","4"
"0.804","0.459","11","-11.556","1","0.039","0.304","0.0862","0.11","0.372","111.963","298941","4"
"0.77","0.567","2","-5.698","1","0.175","0.105","0","0.125","0.26","81.477","222360","4"
"0.833","0.434","2","-8.795","1","0.431","0.0102","0.0219","0.165","0.281","150.062","204600","4"
"0.794","0.632","0","-6.163","1","0.0649","0.142","0","0.128","0.355","145.926","291893","4"
"0.543","0.915","0","-4.746","0","0.113","0.0162","0","0.744","0.577","153.998","292093","4"
"0.825","0.435","1","-9.582","1","0.0568","0.452","0.609","0.0953","0.243","119.038","259102","4"
"0.496","0.863","9","-4.153","1","0.0381","0.0046","0","0.639","0.243","110.018","185587","4"
"0.886","0.525","8","-7.39","1","0.132","0.236","0","0.057","0.708","145.99","225205","4"
"0.818","0.705","6","-6.679","1","0.177","0.00836","0.00233","0.613","0.772","138.559","222640","4"
"0.858","0.697","2","-5.361","1","0.23","0.114","0","0.224","0.364","98.012","290836","4"
"0.584","0.569","0","-4.259","1","0.166","0.0508","0","0.0924","0.501","89.779","217603","4"
"0.457","0.899","10","-2.591","0","0.132","0.0019","0","0.831","0.298","147.268","215510","4"
"0.748","0.524","8","-5.599","1","0.0338","0.414","0","0.111","0.661","95.01","244960","4"
"0.682","0.592","7","-7.033","1","0.281","0.169","0.00000549","0.136","0.5","186.041","230467","4"
"0.0754","0.00219","3","-43.277","1","0.0469","0.411","0.296","0.319","0.0335","174.438","211373","4"
"0.464","0.166","10","-19.261","1","0.0543","0.951","0.0811","0.075","0.58","77.645","443133","4"
"0.166","0.0997","9","-19.054","1","0.0445","0.965","0.00549","0.0591","0.0393","87.512","455360","4"
"0.222","0.0205","9","-30.091","1","0.0441","0.863","0.026","0.204","0.0928","126.371","408250","4"
"0.171","0.0619","10","-24.658","1","0.0434","0.931","0.113","0.111","0.0434","80.104","445053","3"
"0.241","0.117","3","-19.552","1","0.0409","0.986","0.144","0.149","0.0762","98.328","727107","3"
"0.501","0.159","8","-21.757","1","0.0394","0.874","0.881","0.125","0.406","117.316","329600","4"
"0.504","0.152","7","-20.459","1","0.0507","0.989","0.188","0.0619","0.71","103.644","137765","4"
"0.471","0.403","1","-13.349","0","0.0444","0.773","0.00000488","0.242","0.751","102.31","215760","4"
"0.143","0.0225","9","-30.65","1","0.0457","0.947","0.201","0.239","0.033","142.093","379160","3"
"0.438","0.139","5","-21.357","1","0.126","0.892","0.114","0.163","0.549","163.842","220920","3"
"0.302","0.13","8","-21.384","1","0.0481","0.976","0.449","0.159","0.119","137.593","260467","4"
"0.303","0.137","7","-20.57","1","0.0432","0.869","0.18","0.0633","0.297","97.483","420533","4"
"0.27","0.071","7","-25.439","1","0.0405","0.952","0.419","0.183","0.103","93.975","572627","4"
"0.226","0.152","7","-18.919","1","0.0443","0.704","0.508","0.117","0.0381","180.523","594533","3"
"0.455","0.102","2","-19.754","1","0.0429","0.976","0.144","0.1","0.131","119.845","320987","4"
"0.169","0.123","4","-20.936","1","0.0433","0.939","0.53","0.0914","0.0378","107.005","507293","3"
"0.38","0.0634","0","-30.836","1","0.0656","0.623","0.0173","0.104","0.284","137.837","251960","4"
"0.404","0.257","6","-15.123","0","0.0379","0.98","0.244","0.246","0.417","142.312","249613","3"
"0.176","0.0707","0","-19.866","0","0.037","0.653","0.000166","0.105","0.103","162.893","246867","3"
"0.211","0.081","10","-21.9","1","0.0449","0.755","0.452","0.0964","0.038","77.298","271880","1"
"0.151","0.0689","1","-22.007","1","0.0494","0.909","0.0725","0.247","0.0399","71.861","891760","3"
"0.364","0.0711","2","-22.865","1","0.0462","0.991","0.157","0.0934","0.2","126.797","250573","4"
"0.12","0.109","2","-21.99","1","0.0506","0.937","0.24","0.111","0.0541","167.234","467387","4"
"0.282","0.116","7","-18.859","1","0.0398","0.942","0.275","0.0932","0.131","94.719","341427","4"
"0.297","0.0512","7","-24.884","0","0.0442","0.956","0.000141","0.181","0.0605","105.043","560867","3"
"0.287","0.117","7","-20.382","1","0.0406","0.974","0.337","0.314","0.0423","110.992","552320","3"
"0.376","0.162","11","-18.922","1","0.0377","0.848","0.000424","0.157","0.435","113.542","571067","3"
"0.11","0.0415","10","-29.035","1","0.0445","0.938","0.552","0.345","0.0366","91.679","805960","4"
"0.189","0.203","10","-21.555","0","0.0504","0.96","0.85","0.286","0.0333","114.476","559947","4"
"0.295","0.118","5","-20.226","1","0.0427","0.965","0.81","0.082","0.094","115.714","550800","4"
"0.22","0.0675","0","-22.924","1","0.0377","0.874","0.585","0.111","0.102","76.253","707440","4"
"0.254","0.0669","3","-20.583","1","0.0358","0.979","0.816","0.0721","0.0765","100.254","758000","4"
"0.186","0.0426","8","-23.087","1","0.0433","0.911","0.382","0.101","0.0371","113.089","1196440","5"
"0.21","0.128","7","-20.309","1","0.0384","0.974","0.927","0.0925","0.0388","86.545","659027","4"
"0.321","0.0768","4","-20.724","0","0.0402","0.991","0.914","0.0725","0.0393","61.954","465200","4"
"0.366","0.248","2","-16.209","0","0.0422","0.939","0.791","0.353","0.298","110.161","646907","4"
"0.336","0.0348","8","-28.089","1","0.039","0.995","0.895","0.109","0.0426","69.737","195667","4"
"0.253","0.11","9","-22.089","0","0.0391","0.78","0.773","0.0643","0.133","83.663","586200","3"
"0.289","0.0925","5","-19.879","1","0.0339","0.948","0.887","0.108","0.126","100.736","688347","3"
"0.075","0.0525","11","-24.026","0","0.0433","0.958","0.827","0.0693","0.0387","58.754","1051013","4"
"0.262","0.0496","2","-23.929","1","0.0423","0.992","0.901","0.0535","0.156","76.582","232293","3"
"0.155","0.00976","2","-29.809","0","0.0413","0.957","0.965","0.0589","0.0324","61.581","444547","4"
"0.222","0.0556","1","-25.25","1","0.0439","0.96","0.832","0.0718","0.0557","115.812","621640","4"
"0.269","0.115","10","-19.217","1","0.0363","0.991","0.665","0.171","0.132","83.668","654013","4"
"0.149","0.00712","4","-32.381","1","0.0523","0.988","0.000706","0.0726","0.0852","174.677","319880","3"
"0.325","0.0716","0","-26.806","1","0.0516","0.95","0.844","0.12","0.148","121.363","401933","4"
"0.375","0.115","10","-16.797","1","0.0404","0.953","0.895","0.158","0.208","120.478","434000","4"
"0.38","0.128","3","-20.012","1","0.0407","0.981","0.887","0.274","0.0373","118.203","666000","4"
"0.303","0.119","9","-18.055","0","0.0386","0.975","0.88","0.112","0.038","94.868","820853","4"
"0.414","0.0583","0","-20.382","1","0.0588","0.991","0.892","0.087","0.0375","139.086","402000","3"
"0.0942","0.0196","5","-27.169","1","0.0464","0.9","0.152","0.0827","0.0376","77.128","934067","3"
"0.146","0.0472","9","-27.847","1","0.0466","0.987","0.24","0.0644","0.0356","62.056","373333","4"
"0.35","0.0918","9","-24.683","0","0.044","0.969","0.868","0.0574","0.235","84.835","457813","3"
"0.468","0.177","11","-23.55","0","0.0765","0.517","0.307","0.367","0.241","104.939","523427","4"
"0.622","0.408","9","-16.961","1","0.0578","0.907","0.14","0.129","0.73","82.781","153693","4"
"0.133","0.104","4","-22.882","0","0.0443","0.95","0.233","0.279","0.0451","82.118","480240","4"
"0.386","0.0259","6","-28.976","0","0.0501","0.996","0.912","0.0841","0.318","69.136","86093","3"
"0.183","0.0706","2","-20.391","1","0.0368","0.953","0.925","0.165","0.0398","106.659","1324693","4"
"0.179","0.0781","2","-20.265","0","0.0469","0.936","0.133","0.0687","0.0802","172.857","981707","3"
"0.632","0.629","2","-5.935","1","0.258","0.183","0","0.344","0.207","179.882","254508","4"
"0.836","0.686","1","-4.673","1","0.0413","0.14","0.00231","0.0681","0.632","110.029","222259","4"
"0.464","0.378","2","-11.354","0","0.143","0.416","0.0917","0.0966","0.037","164.486","176804","5"
"0.857","0.668","7","-6.816","1","0.052","0.0175","0.000595","0.101","0.624","89.986","161713","4"
"0.577","0.387","7","-8.607","1","0.274","0.964","0.706","0.208","0.459","146.565","126312","1"
"0.84","0.536","4","-7.652","0","0.158","0.0501","0.000248","0.73","0.56","75.013","244800","4"
"0.287","0.234","4","-17.86","1","0.0672","0.765","0.0636","0.123","0.121","74.454","164430","4"
"0.61","0.318","8","-9.95","1","0.148","0.506","0.000617","0.102","0.214","109.491","192607","3"
"0.804","0.338","0","-9.397","1","0.0415","0.426","0.00503","0.117","0.0723","119.987","154443","4"
"0.644","0.329","1","-12.598","1","0.0896","0.425","0.665","0.0958","0.202","156.971","152375","4"
"0.421","0.407","11","-10.732","1","0.0777","0.582","0.775","0.117","0.238","80.748","187134","3"
"0.33","0.162","7","-11.647","1","0.0335","0.987","0.93","0.21","0.125","130.475","120424","3"
"0.35","0.993","9","-2.718","0","0.0892","0.000165","0","0.196","0.142","93.813","201049","4"
"0.345","0.988","6","-2.514","1","0.222","0.000184","0.00368","0.324","0.0978","113.925","154629","4"
"0.391","0.975","10","-4.292","0","0.111","0.0000263","0","0.0927","0.233","74.994","214399","4"
"0.354","0.858","1","-7.189","1","0.103","0.000269","0.0000155","0.383","0.527","173.977","212586","3"
"0.378","0.938","9","-5.692","0","0.156","0.00178","0","0.124","0.202","150.164","201297","4"
"0.491","0.847","5","-6.676","0","0.0595","0.00158","0.00617","0.104","0.138","100.025","467120","4"
"0.381","0.975","1","-5.725","1","0.219","0.023","0.0000154","0.276","0.103","196.052","206750","4"
"0.39","0.964","9","-3.97","1","0.0944","0.0000316","0.00179","0.374","0.321","199.957","193233","4"
"0.586","0.951","6","-3.022","1","0.209","0.00461","0","0.0767","0.471","130.009","231690","4"
"0.233","0.973","0","-3.992","1","0.252","0.000322","0.00000311","0.318","0.427","83.151","349432","4"
"0.622","0.94","5","-4.96","0","0.166","0.00893","0.00000569","0.237","0.098","120.001","238000","4"
"0.582","0.865","1","-4.402","1","0.0405","0.000025","0.00000893","0.347","0.412","112.965","223077","4"
"0.556","0.951","9","-3.179","1","0.0729","0.000464","0","0.292","0.482","128.051","208125","4"
"0.412","0.969","11","-3.942","1","0.0965","0.0000938","0.165","0.183","0.155","80.009","277125","4"
"0.449","0.719","0","-5.741","1","0.037","0.211","0.00128","0.0848","0.307","106.841","286907","4"
"0.433","0.943","2","-4.483","1","0.0673","0.0000146","0.0314","0.222","0.262","96.006","230613","4"
"0.176","0.97","7","-4.34","1","0.0865","0.000124","0.186","0.455","0.215","180.045","204136","4"
"0.238","0.943","4","-7.846","1","0.0716","0.0000252","0.0871","0.0876","0.31","127.475","384658","4"
"0.458","0.725","3","-7.12","0","0.0415","0.00623","0.00353","0.318","0.142","97.407","412444","3"
"0.0866","0.876","1","-6.459","1","0.0888","0.000196","0.262","0.0792","0.105","85.987","211218","4"
"0.208","0.941","1","-10.43","0","0.0893","0.0000437","0.416","0.596","0.196","159.848","347320","4"
"0.426","0.978","3","-3.594","0","0.137","0.000138","0.915","0.188","0.0543","142.051","217216","4"
"0.47","0.958","4","-7.145","0","0.18","0.00648","0.847","0.42","0.156","90.112","136003","4"
"0.563","0.951","1","-5.04","1","0.107","0.0000497","0.00204","0.158","0.334","103.004","179179","4"
"0.257","0.816","0","-4.987","1","0.0543","0.0000874","0.00909","0.0953","0.097","159.892","537627","4"
"0.542","0.936","2","-4.563","1","0.0781","0.000267","0.635","0.288","0.353","121.002","209467","4"
"0.444","0.958","4","-5.021","0","0.0631","0.000294","0","0.0821","0.0892","104.003","262618","4"
"0.497","0.987","4","-4.258","0","0.183","0.00000302","0.286","0.346","0.118","114.904","203436","4"
"0.41","0.972","8","-3.915","1","0.0831","0.00311","0.0000349","0.631","0.302","147.969","180811","4"
